Model,Accuracy,Precision,Recall,F1,AUC
GAT,0.9716574245224893,0.9568527918781726,0.9285714285714286,0.9425,0.9960686255064745
