model,accuracy,precision,recall,f1,auc,tp,tn,fp,fn
GAT,0.9606769537083126,0.9840909090909091,0.8574257425742574,0.9164021164021164,0.995790762586897,433,1497,7,72
