,Accuracy,CV_Score
RandomForest,1.0,1.0
GradientBoosting,1.0,1.0
LogisticRegression,0.9298158287705326,0.9191985406313133
SVM,0.8835241413638626,0.8798559539871098
